総合教育科目,基礎科目,2018_AA00001001.html
総合教育科目,基礎科目,2018_AA00001002.html
総合教育科目,基礎科目,2018_AA00001003.html
総合教育科目,基礎科目,2018_AA00001004.html
総合教育科目,基礎科目,2018_AA00001005.html
総合教育科目,基礎科目,2018_AA00001006.html
総合教育科目,基礎科目,2018_AA00001007.html
総合教育科目,基礎科目,2018_AA00001008.html
総合教育科目,基礎科目,2018_AA00001009.html
総合教育科目,基礎科目,2018_AA00001010.html
総合教育科目,基礎科目,2018_AA00001011.html
総合教育科目,基礎科目,2018_AA00001012.html
総合教育科目,基礎科目,2018_AA00001013.html
総合教育科目,基礎科目,2018_AA00001014.html
総合教育科目,基礎科目,2018_AA00001015.html
総合教育科目,基礎科目,2018_AA00001016.html
総合教育科目,基礎科目,2018_AA00001017.html
総合教育科目,基礎科目,2018_AA00001018.html
総合教育科目,基礎科目,2018_AA00001019.html
総合教育科目,基礎科目,2018_AA00001020.html
総合教育科目,基礎科目,2018_AA00001021.html
総合教育科目,基礎科目,2018_AA00001022.html
総合教育科目,基礎科目,2018_AA00001023.html
総合教育科目,基礎科目,2018_AA00001024.html
総合教育科目,基礎科目,2018_AA00001025.html
総合教育科目,基礎科目,2018_AA00001026.html
総合教育科目,基礎科目,2018_AA00001027.html
総合教育科目,基礎科目,2018_AA00001028.html
総合教育科目,基礎科目,2018_AA00001029.html
総合教育科目,基礎科目,2018_AA00001030.html
総合教育科目,基礎科目,2018_AA00001031.html
総合教育科目,基礎科目,2018_AA00001032.html
総合教育科目,基礎科目,2018_AA00001033.html
総合教育科目,基礎科目,2018_AA00001034.html
総合教育科目,基礎科目,2018_AA00001035.html
総合教育科目,基礎科目,2018_AA00001036.html
総合教育科目,基礎科目,2018_AA00001037.html
総合教育科目,基礎科目,2018_AA00001038.html
総合教育科目,基礎科目,2018_AA00001039.html
総合教育科目,基礎科目,2018_AA00001040.html
総合教育科目,基礎科目,2018_AA00001041.html
総合教育科目,基礎科目,2018_AA00001042.html
総合教育科目,基礎科目,2018_AA00001043.html
総合教育科目,基礎科目,2018_AA00001044.html
総合教育科目,基礎科目,2018_AA00001045.html
総合教育科目,基礎科目,2018_AA00001046.html
総合教育科目,基礎科目,2018_AA00001047.html
総合教育科目,基礎科目,2018_AA00001048.html
総合教育科目,基礎科目,2018_AA00001049.html
総合教育科目,基礎科目,2018_AA00001050.html
総合教育科目,基礎科目,2018_AA00001051.html
総合教育科目,基礎科目,2018_AA00001052.html
総合教育科目,基礎科目,2018_AA00001053.html
総合教育科目,基礎科目,2018_AA00001054.html
総合教育科目,基礎科目,2018_AA00001055.html
総合教育科目,基礎科目,2018_AA00001056.html
総合教育科目,基礎科目,2018_AA00001057.html
総合教育科目,基礎科目,2018_AA00001058.html
総合教育科目,基礎科目,2018_AA00001059.html
総合教育科目,基礎科目,2018_AA00001060.html
総合教育科目,基礎科目,2018_AA00001061.html
総合教育科目,基礎科目,2018_AA00001062.html
総合教育科目,基礎科目,2018_AA00001063.html
総合教育科目,基礎科目,2018_AA00001064.html
総合教育科目,基礎科目,2018_AA00001065.html
総合教育科目,基礎科目,2018_AA00001066.html
総合教育科目,基礎科目,2018_AA00001067.html
総合教育科目,基礎科目,2018_AA00001068.html
総合教育科目,基礎科目,2018_AA00001069.html
総合教育科目,基礎科目,2018_AA00001070.html
総合教育科目,基礎科目,2018_AA00001071.html
総合教育科目,基礎科目,2018_AA00001072.html
総合教育科目,基礎科目,2018_AA00001073.html
総合教育科目,基礎科目,2018_AA00001074.html
総合教育科目,基礎科目,2018_AA00001075.html
総合教育科目,基礎科目,2018_AA00001076.html
総合教育科目,基礎科目,2018_AA00001077.html
総合教育科目,基礎科目,2018_AA00001078.html
総合教育科目,基礎科目,2018_AA00001079.html
総合教育科目,基礎科目,2018_AA00001080.html
総合教育科目,基礎科目,2018_AA00001081.html
総合教育科目,基礎科目,2018_AA00001082.html
総合教育科目,基礎科目,2018_AA00001083.html
総合教育科目,基礎科目,2018_AA00001084.html
総合教育科目,基礎科目,2018_AA00001085.html
総合教育科目,基礎科目,2018_AA00001086.html
総合教育科目,基礎科目,2018_AA00001087.html
総合教育科目,基礎科目,2018_AA00001088.html
総合教育科目,基礎科目,2018_AA00001089.html
総合教育科目,基礎科目,2018_AA00001090.html
総合教育科目,基礎科目,2018_AA00001091.html
総合教育科目,基礎科目,2018_AA00001092.html
総合教育科目,基礎科目,2018_AA00001093.html
総合教育科目,基礎科目,2018_AA00001094.html
総合教育科目,基礎科目,2018_AA00001095.html
総合教育科目,基礎科目,2018_AA00001096.html
総合教育科目,基礎科目,2018_AA00001097.html
総合教育科目,基礎科目,2018_AA00001098.html
総合教育科目,基礎科目,2018_AA00001099.html
総合教育科目,基礎科目,2018_AA00002001.html
総合教育科目,基礎科目,2018_AA00002002.html
総合教育科目,基礎科目,2018_AA00002003.html
総合教育科目,基礎科目,2018_AA00002004.html
総合教育科目,基礎科目,2018_AA00002005.html
総合教育科目,基礎科目,2018_AA00002006.html
総合教育科目,基礎科目,2018_AA00002007.html
総合教育科目,基礎科目,2018_AA00002008.html
総合教育科目,基礎科目,2018_AA00002009.html
総合教育科目,基礎科目,2018_AA00002010.html
総合教育科目,基礎科目,2018_AA00002011.html
総合教育科目,基礎科目,2018_AA00002012.html
総合教育科目,基礎科目,2018_AA00002013.html
総合教育科目,基礎科目,2018_AA00002014.html
総合教育科目,基礎科目,2018_AA00002015.html
総合教育科目,基礎科目,2018_AA00002016.html
総合教育科目,基礎科目,2018_AA00002017.html
総合教育科目,基礎科目,2018_AA00002018.html
総合教育科目,基礎科目,2018_AA00003001.html
総合教育科目,基礎科目,2018_AA00003002.html
総合教育科目,基礎科目,2018_AA00005001.html
総合教育科目,基礎科目,2018_AA00005002.html
総合教育科目,基礎科目,2018_AA00005003.html
総合教育科目,基本科目,2018_AB00001001.html
総合教育科目,基本科目,2018_AB00001002.html
総合教育科目,基本科目,2018_AB00001003.html
総合教育科目,基本科目,2018_AB00001004.html
総合教育科目,基本科目,2018_AB00001005.html
総合教育科目,基本科目,2018_AB00002001.html
総合教育科目,基本科目,2018_AB00003001.html
総合教育科目,基本科目,2018_AB00003002.html
総合教育科目,基本科目,2018_AB00003003.html
総合教育科目,基本科目,2018_AB00003004.html
総合教育科目,基本科目,2018_AB00004001.html
総合教育科目,基本科目,2018_AB00004002.html
総合教育科目,基本科目,2018_AB00004003.html
総合教育科目,基本科目,2018_AB00004004.html
総合教育科目,基本科目,2018_AB00004005.html
総合教育科目,基本科目,2018_AB00006001.html
総合教育科目,基本科目,2018_AB00006002.html
総合教育科目,基本科目,2018_AB00006003.html
総合教育科目,基本科目,2018_AB00006004.html
総合教育科目,基本科目,2018_AB00006005.html
総合教育科目,基本科目,2018_AB00008001.html
総合教育科目,基本科目,2018_AB00008002.html
総合教育科目,基本科目,2018_AB00008003.html
総合教育科目,基本科目,2018_AB00008004.html
総合教育科目,基本科目,2018_AB00010001.html
総合教育科目,基本科目,2018_AB00010002.html
総合教育科目,基本科目,2018_AB00010003.html
総合教育科目,基本科目,2018_AB00010004.html
総合教育科目,基本科目,2018_AB00010005.html
総合教育科目,基本科目,2018_AB00010006.html
総合教育科目,基本科目,2018_AB00011001.html
総合教育科目,基本科目,2018_AB00011002.html
総合教育科目,基本科目,2018_AB00011003.html
総合教育科目,基本科目,2018_AB00011004.html
総合教育科目,基本科目,2018_AB00011005.html
総合教育科目,基本科目,2018_AB00014001.html
総合教育科目,基本科目,2018_AB00014002.html
総合教育科目,基本科目,2018_AB00014003.html
総合教育科目,基本科目,2018_AB00014004.html
総合教育科目,基本科目,2018_AB00014005.html
総合教育科目,基本科目,2018_AB00014006.html
総合教育科目,基本科目,2018_AB00015001.html
総合教育科目,基本科目,2018_AB00015002.html
総合教育科目,基本科目,2018_AB00015003.html
総合教育科目,基本科目,2018_AB00015004.html
総合教育科目,基本科目,2018_AB00015005.html
総合教育科目,基本科目,2018_AB00016001.html
総合教育科目,基本科目,2018_AB00016002.html
総合教育科目,基本科目,2018_AB00016003.html
総合教育科目,基本科目,2018_AB00018001.html
総合教育科目,基本科目,2018_AB00018002.html
総合教育科目,基本科目,2018_AB00018003.html
総合教育科目,基本科目,2018_AB00018004.html
総合教育科目,基本科目,2018_AB00018005.html
総合教育科目,基本科目,2018_AB00019001.html
総合教育科目,基本科目,2018_AB00019002.html
総合教育科目,基本科目,2018_AB00019003.html
総合教育科目,基本科目,2018_AB00020001.html
総合教育科目,基本科目,2018_AB00021001.html
総合教育科目,基本科目,2018_AB00021002.html
総合教育科目,基本科目,2018_AB00021003.html
総合教育科目,基本科目,2018_AB00022001.html
総合教育科目,基本科目,2018_AB00022002.html
総合教育科目,基本科目,2018_AB00023001.html
総合教育科目,基本科目,2018_AB00023002.html
総合教育科目,展開科目,2018_AC00001001.html
総合教育科目,展開科目,2018_AC00001002.html
総合教育科目,展開科目,2018_AC00001003.html
総合教育科目,展開科目,2018_AC00002001.html
総合教育科目,展開科目,2018_AC00002002.html
総合教育科目,展開科目,2018_AC00002003.html
総合教育科目,展開科目,2018_AC00003001.html
総合教育科目,展開科目,2018_AC00003002.html
総合教育科目,展開科目,2018_AC00004001.html
総合教育科目,展開科目,2018_AC00004002.html
総合教育科目,展開科目,2018_AC00004003.html
総合教育科目,展開科目,2018_AC00004004.html
総合教育科目,展開科目,2018_AC00005001.html
総合教育科目,展開科目,2018_AC00005002.html
総合教育科目,展開科目,2018_AC00006001.html
総合教育科目,展開科目,2018_AC00006002.html
総合教育科目,展開科目,2018_AC00006003.html
総合教育科目,展開科目,2018_AC00006004.html
総合教育科目,展開科目,2018_AC00007001.html
総合教育科目,展開科目,2018_AC00007002.html
総合教育科目,展開科目,2018_AC00008001.html
総合教育科目,展開科目,2018_AC00008002.html
総合教育科目,展開科目,2018_AC00009001.html
総合教育科目,展開科目,2018_AC00009002.html
総合教育科目,展開科目,2018_AC00011001.html
総合教育科目,展開科目,2018_AC00011002.html
総合教育科目,展開科目,2018_AC00012001.html
総合教育科目,展開科目,2018_AC00012002.html
総合教育科目,展開科目,2018_AC00013001.html
総合教育科目,展開科目,2018_AC00013002.html
総合教育科目,展開科目,2018_AC00014001.html
総合教育科目,展開科目,2018_AC00015001.html
総合教育科目,展開科目,2018_AC00015002.html
総合教育科目,展開科目,2018_AC00016001.html
総合教育科目,展開科目,2018_AC00016003.html
総合教育科目,展開科目,2018_AC00017001.html
総合教育科目,展開科目,2018_AC00017003.html
総合教育科目,展開科目,2018_AC00018001.html
総合教育科目,展開科目,2018_AC00019001.html
総合教育科目,展開科目,2018_AC00020001.html
総合教育科目,展開科目,2018_AC00021001.html
総合教育科目,展開科目,2018_AC00021002.html
総合教育科目,展開科目,2018_AC00022001.html
総合教育科目,展開科目,2018_AC00022002.html
総合教育科目,展開科目,2018_AC00023001.html
総合教育科目,展開科目,2018_AC00023002.html
総合教育科目,展開科目,2018_AC00024001.html
総合教育科目,展開科目,2018_AC00025001.html
総合教育科目,展開科目,2018_AC00026001.html
総合教育科目,展開科目,2018_AC00027001.html
総合教育科目,展開科目,2018_AC00027002.html
総合教育科目,展開科目,2018_AC00028001.html
総合教育科目,展開科目,2018_AC00028002.html
総合教育科目,展開科目,2018_AC00028003.html
総合教育科目,展開科目,2018_AC00028004.html
総合教育科目,展開科目,2018_AC00028005.html
総合教育科目,展開科目,2018_AC00028006.html
総合教育科目,展開科目,2018_AC01001001.html
総合教育科目,国際コース科目・留学生科目,2018_AR00001001.html
総合教育科目,国際コース科目・留学生科目,2018_AR00001002.html
総合教育科目,国際コース科目・留学生科目,2018_AR00003001.html
総合教育科目,国際コース科目・留学生科目,2018_AR00003002.html
総合教育科目,国際コース科目・留学生科目,2018_AR00005001.html
総合教育科目,国際コース科目・留学生科目,2018_AR00005002.html
総合教育科目,国際コース科目・留学生科目,2018_AR00007001.html
総合教育科目,国際コース科目・留学生科目,2018_AR00007002.html
総合教育科目,国際コース科目・留学生科目,2018_AR00009001.html
総合教育科目,国際コース科目・留学生科目,2018_AR00011001.html
外国語科目,英語科目,2018_BA00001001.html
外国語科目,英語科目,2018_BA00001003.html
外国語科目,英語科目,2018_BA00001005.html
外国語科目,英語科目,2018_BA00001007.html
外国語科目,英語科目,2018_BA00001008.html
外国語科目,英語科目,2018_BA00001011.html
外国語科目,英語科目,2018_BA00001013.html
外国語科目,英語科目,2018_BA00001015.html
外国語科目,英語科目,2018_BA00001016.html
外国語科目,英語科目,2018_BA00001019.html
外国語科目,英語科目,2018_BA00001020.html
外国語科目,英語科目,2018_BA00001023.html
外国語科目,英語科目,2018_BA00001025.html
外国語科目,英語科目,2018_BA00001026.html
外国語科目,英語科目,2018_BA00001029.html
外国語科目,英語科目,2018_BA00001031.html
外国語科目,英語科目,2018_BA00001033.html
外国語科目,英語科目,2018_BA00001035.html
外国語科目,英語科目,2018_BA00001037.html
外国語科目,英語科目,2018_BA00001038.html
外国語科目,英語科目,2018_BA00001040.html
外国語科目,英語科目,2018_BA00001042.html
外国語科目,英語科目,2018_BA00001043.html
外国語科目,英語科目,2018_BA00001046.html
外国語科目,英語科目,2018_BA00001048.html
外国語科目,英語科目,2018_BA00001049.html
外国語科目,英語科目,2018_BA00001052.html
外国語科目,英語科目,2018_BA00001054.html
外国語科目,英語科目,2018_BA00001056.html
外国語科目,英語科目,2018_BA00001058.html
外国語科目,英語科目,2018_BA00001060.html
外国語科目,英語科目,2018_BA00001061.html
外国語科目,英語科目,2018_BA00001064.html
外国語科目,英語科目,2018_BA00001066.html
外国語科目,英語科目,2018_BA00001067.html
外国語科目,英語科目,2018_BA00001070.html
外国語科目,英語科目,2018_BA00001072.html
外国語科目,英語科目,2018_BA00001073.html
外国語科目,英語科目,2018_BA00001076.html
外国語科目,英語科目,2018_BA00001077.html
外国語科目,英語科目,2018_BA00001080.html
外国語科目,英語科目,2018_BA00001082.html
外国語科目,英語科目,2018_BA00001084.html
外国語科目,英語科目,2018_BA00001085.html
外国語科目,英語科目,2018_BA00001088.html
外国語科目,英語科目,2018_BA00001090.html
外国語科目,英語科目,2018_BA00001091.html
外国語科目,英語科目,2018_BA00001094.html
外国語科目,英語科目,2018_BA00001096.html
外国語科目,英語科目,2018_BA00001098.html
外国語科目,英語科目,2018_BA00001100.html
外国語科目,英語科目,2018_BA00001102.html
外国語科目,英語科目,2018_BA00002001.html
外国語科目,英語科目,2018_BA00002003.html
外国語科目,英語科目,2018_BA00002005.html
外国語科目,英語科目,2018_BA00002007.html
外国語科目,英語科目,2018_BA00002008.html
外国語科目,英語科目,2018_BA00002011.html
外国語科目,英語科目,2018_BA00002013.html
外国語科目,英語科目,2018_BA00002015.html
外国語科目,英語科目,2018_BA00002016.html
外国語科目,英語科目,2018_BA00002017.html
外国語科目,英語科目,2018_BA00002020.html
外国語科目,英語科目,2018_BA00002021.html
外国語科目,英語科目,2018_BA00002024.html
外国語科目,英語科目,2018_BA00002026.html
外国語科目,英語科目,2018_BA00002027.html
外国語科目,英語科目,2018_BA00002030.html
外国語科目,英語科目,2018_BA00002032.html
外国語科目,英語科目,2018_BA00002034.html
外国語科目,英語科目,2018_BA00002036.html
外国語科目,英語科目,2018_BA00002038.html
外国語科目,英語科目,2018_BA00002040.html
外国語科目,英語科目,2018_BA00002042.html
外国語科目,英語科目,2018_BA00002043.html
外国語科目,英語科目,2018_BA00002046.html
外国語科目,英語科目,2018_BA00002048.html
外国語科目,英語科目,2018_BA00002049.html
外国語科目,英語科目,2018_BA00002052.html
外国語科目,英語科目,2018_BA00002054.html
外国語科目,英語科目,2018_BA00002056.html
外国語科目,英語科目,2018_BA00002058.html
外国語科目,英語科目,2018_BA00002060.html
外国語科目,英語科目,2018_BA00002061.html
外国語科目,英語科目,2018_BA00002064.html
外国語科目,英語科目,2018_BA00002066.html
外国語科目,英語科目,2018_BA00002067.html
外国語科目,英語科目,2018_BA00002070.html
外国語科目,英語科目,2018_BA00002072.html
外国語科目,英語科目,2018_BA00002073.html
外国語科目,英語科目,2018_BA00002076.html
外国語科目,英語科目,2018_BA00002077.html
外国語科目,英語科目,2018_BA00002080.html
外国語科目,英語科目,2018_BA00002082.html
外国語科目,英語科目,2018_BA00002084.html
外国語科目,英語科目,2018_BA00002085.html
外国語科目,英語科目,2018_BA00002088.html
外国語科目,英語科目,2018_BA00002090.html
外国語科目,英語科目,2018_BA00002091.html
外国語科目,英語科目,2018_BA00002094.html
外国語科目,英語科目,2018_BA00002096.html
外国語科目,英語科目,2018_BA00002098.html
外国語科目,英語科目,2018_BA00002100.html
外国語科目,英語科目,2018_BA00002102.html
外国語科目,英語科目,2018_BA00003001.html
外国語科目,英語科目,2018_BA00003002.html
外国語科目,英語科目,2018_BA00003005.html
外国語科目,英語科目,2018_BA00003006.html
外国語科目,英語科目,2018_BA00003007.html
外国語科目,英語科目,2018_BA00003010.html
外国語科目,英語科目,2018_BA00003011.html
外国語科目,英語科目,2018_BA00003012.html
外国語科目,英語科目,2018_BA00003013.html
外国語科目,英語科目,2018_BA00003018.html
外国語科目,英語科目,2018_BA00003019.html
外国語科目,英語科目,2018_BA00003020.html
外国語科目,英語科目,2018_BA00003021.html
外国語科目,英語科目,2018_BA00003026.html
外国語科目,英語科目,2018_BA00003027.html
外国語科目,英語科目,2018_BA00003030.html
外国語科目,英語科目,2018_BA00003031.html
外国語科目,英語科目,2018_BA00003032.html
外国語科目,英語科目,2018_BA00003033.html
外国語科目,英語科目,2018_BA00003038.html
外国語科目,英語科目,2018_BA00003039.html
外国語科目,英語科目,2018_BA00003040.html
外国語科目,英語科目,2018_BA00003043.html
外国語科目,英語科目,2018_BA00003044.html
外国語科目,英語科目,2018_BA00003047.html
外国語科目,英語科目,2018_BA00003048.html
外国語科目,英語科目,2018_BA00003049.html
外国語科目,英語科目,2018_BA00003050.html
外国語科目,英語科目,2018_BA00003055.html
外国語科目,英語科目,2018_BA00003056.html
外国語科目,英語科目,2018_BA00003059.html
外国語科目,英語科目,2018_BA00003060.html
外国語科目,英語科目,2018_BA00003063.html
外国語科目,英語科目,2018_BA00003064.html
外国語科目,英語科目,2018_BA00003067.html
外国語科目,英語科目,2018_BA00003068.html
外国語科目,英語科目,2018_BA00003069.html
外国語科目,英語科目,2018_BA00003070.html
外国語科目,英語科目,2018_BA00003071.html
外国語科目,英語科目,2018_BA00003076.html
外国語科目,英語科目,2018_BA00003077.html
外国語科目,英語科目,2018_BA00003078.html
外国語科目,英語科目,2018_BA00003079.html
外国語科目,英語科目,2018_BA00003084.html
外国語科目,英語科目,2018_BA00003085.html
外国語科目,英語科目,2018_BA00003088.html
外国語科目,英語科目,2018_BA00003089.html
外国語科目,英語科目,2018_BA00003090.html
外国語科目,英語科目,2018_BA00003091.html
外国語科目,英語科目,2018_BA00003096.html
外国語科目,英語科目,2018_BA00003097.html
外国語科目,英語科目,2018_BA00003100.html
外国語科目,英語科目,2018_BA00003101.html
外国語科目,英語科目,2018_BA00003104.html
外国語科目,英語科目,2018_BA00003105.html
外国語科目,英語科目,2018_BA00003106.html
外国語科目,英語科目,2018_BA00003107.html
外国語科目,英語科目,2018_BA00003112.html
外国語科目,英語科目,2018_BA00003113.html
外国語科目,英語科目,2018_BA00003116.html
外国語科目,英語科目,2018_BA00003117.html
外国語科目,英語科目,2018_BA00003120.html
外国語科目,英語科目,2018_BA00003121.html
外国語科目,英語科目,2018_BA00003124.html
外国語科目,英語科目,2018_BA00003125.html
外国語科目,英語科目,2018_BA00003126.html
外国語科目,英語科目,2018_BA00003127.html
外国語科目,英語科目,2018_BA00003132.html
外国語科目,英語科目,2018_BA00003133.html
外国語科目,英語科目,2018_BA00003136.html
外国語科目,英語科目,2018_BA00003137.html
外国語科目,英語科目,2018_BA00003138.html
外国語科目,英語科目,2018_BA00003139.html
外国語科目,英語科目,2018_BA00003144.html
外国語科目,英語科目,2018_BA00003145.html
外国語科目,英語科目,2018_BA00003146.html
外国語科目,英語科目,2018_BA00003147.html
外国語科目,英語科目,2018_BA00003152.html
外国語科目,英語科目,2018_BA00003153.html
外国語科目,英語科目,2018_BA00003154.html
外国語科目,英語科目,2018_BA00003155.html
外国語科目,英語科目,2018_BA00003160.html
外国語科目,英語科目,2018_BA00003161.html
外国語科目,英語科目,2018_BA00003164.html
外国語科目,英語科目,2018_BA00003165.html
外国語科目,英語科目,2018_BA00003166.html
外国語科目,英語科目,2018_BA00003169.html
外国語科目,英語科目,2018_BA00003170.html
外国語科目,英語科目,2018_BA00003173.html
外国語科目,英語科目,2018_BA00003174.html
外国語科目,英語科目,2018_BA00003177.html
外国語科目,英語科目,2018_BA00003178.html
外国語科目,英語科目,2018_BA00003181.html
外国語科目,英語科目,2018_BA00003182.html
外国語科目,英語科目,2018_BA00003185.html
外国語科目,英語科目,2018_BA00003186.html
外国語科目,英語科目,2018_BA00003187.html
外国語科目,英語科目,2018_BA00003188.html
外国語科目,英語科目,2018_BA00003193.html
外国語科目,英語科目,2018_BA00003194.html
外国語科目,英語科目,2018_BA00004001.html
外国語科目,英語科目,2018_BA00004002.html
外国語科目,英語科目,2018_BA00004003.html
外国語科目,英語科目,2018_BA00004004.html
外国語科目,英語科目,2018_BA00004005.html
外国語科目,英語科目,2018_BA00004006.html
外国語科目,英語科目,2018_BA00004007.html
外国語科目,英語科目,2018_BA00004008.html
外国語科目,英語科目,2018_BA00005001.html
外国語科目,英語科目,2018_BA00005002.html
外国語科目,英語科目,2018_BA00005003.html
外国語科目,英語科目,2018_BA00005004.html
外国語科目,英語科目,2018_BA00005005.html
外国語科目,英語科目,2018_BA00005006.html
外国語科目,英語科目,2018_BA00005007.html
外国語科目,英語科目,2018_BA00005008.html
外国語科目,英語科目,2018_BA00005009.html
外国語科目,英語科目,2018_BA00005010.html
外国語科目,英語科目,2018_BA00006001.html
外国語科目,英語科目,2018_BA00006002.html
外国語科目,英語科目,2018_BA00006003.html
外国語科目,英語科目,2018_BA00006004.html
外国語科目,英語科目,2018_BA00006005.html
外国語科目,英語科目,2018_BA00006006.html
外国語科目,英語科目,2018_BA00006007.html
外国語科目,英語科目,2018_BA00006008.html
外国語科目,英語科目,2018_BB00001001.html
外国語科目,英語科目,2018_BB00001002.html
外国語科目,英語科目,2018_BB00001005.html
外国語科目,英語科目,2018_BB00001007.html
外国語科目,英語科目,2018_BB00002001.html
外国語科目,英語科目,2018_BB00002003.html
外国語科目,英語科目,2018_BB00002005.html
外国語科目,英語科目,2018_BB00003001.html
外国語科目,英語科目,2018_BB00004001.html
外国語科目,英語科目,2018_BB00004003.html
外国語科目,英語科目,2018_BB00004005.html
外国語科目,英語科目,2018_BB00004006.html
外国語科目,英語科目,2018_BB00004009.html
外国語科目,英語科目,2018_BB00004010.html
外国語科目,英語科目,2018_BB00004013.html
外国語科目,英語科目,2018_BB00004015.html
外国語科目,英語科目,2018_BB00004016.html
外国語科目,英語科目,2018_BB00004019.html
外国語科目,英語科目,2018_BB00004020.html
外国語科目,英語科目,2018_BB00004023.html
外国語科目,英語科目,2018_BB00004025.html
外国語科目,英語科目,2018_BB00004026.html
外国語科目,英語科目,2018_BB00004029.html
外国語科目,英語科目,2018_BB00004030.html
外国語科目,英語科目,2018_BB00005001.html
外国語科目,英語科目,2018_BB00005003.html
外国語科目,英語科目,2018_BB00005005.html
外国語科目,英語科目,2018_BB00005006.html
外国語科目,英語科目,2018_BB00005009.html
外国語科目,英語科目,2018_BB00006001.html
外国語科目,英語科目,2018_BB00006002.html
外国語科目,英語科目,2018_BC00001001.html
外国語科目,英語科目,2018_BC00002001.html
外国語科目,英語科目,2018_BC00003001.html
外国語科目,英語科目,2018_BC00003003.html
外国語科目,英語科目,2018_BC00003005.html
外国語科目,英語科目,2018_BC00003007.html
外国語科目,英語科目,2018_BC00004001.html
外国語科目,英語科目,2018_BC00004003.html
外国語科目,英語科目,2018_BC00004005.html
外国語科目,英語科目,2018_BC00004007.html
外国語科目,英語科目,2018_BC00005001.html
外国語科目,英語科目,2018_BC00005002.html
外国語科目,英語科目,2018_BC00005003.html
外国語科目,英語科目,2018_BC00005004.html
外国語科目,英語科目,2018_BC00005005.html
外国語科目,英語科目,2018_BC00005006.html
外国語科目,英語科目,2018_BC00005007.html
外国語科目,英語科目,2018_BC00005008.html
外国語科目,英語科目,2018_BC00006002.html
外国語科目,英語科目,2018_BC00006003.html
外国語科目,英語科目,2018_BC00006004.html
外国語科目,英語科目,2018_BC00006005.html
外国語科目,英語科目,2018_BC00006006.html
外国語科目,英語科目,2018_BC00006007.html
外国語科目,英語科目,2018_BC00006008.html
外国語科目,英語科目,2018_BC00006009.html
外国語科目,英語科目,2018_BC00006010.html
外国語科目,英語科目,2018_BC00006011.html
外国語科目,英語科目,2018_BC00007001.html
外国語科目,英語科目,2018_BC00007002.html
外国語科目,英語科目,2018_BC00007003.html
外国語科目,英語科目,2018_BC00007004.html
外国語科目,英語科目,2018_BC00007005.html
外国語科目,英語科目,2018_BC00007006.html
外国語科目,英語科目,2018_BC00007007.html
外国語科目,英語科目,2018_BC00007008.html
外国語科目,英語科目,2018_BC00007009.html
外国語科目,英語科目,2018_BC00008001.html
外国語科目,英語科目,2018_BC00008002.html
外国語科目,英語科目,2018_BC00008003.html
外国語科目,英語科目,2018_BC00008004.html
外国語科目,英語科目,2018_BC00008005.html
外国語科目,英語科目,2018_BC00008006.html
外国語科目,英語科目,2018_BC00008007.html
外国語科目,英語科目,2018_BC00008008.html
外国語科目,英語科目,2018_BC00008009.html
外国語科目,英語科目,2018_BC00008010.html
外国語科目,英語科目,2018_BC00009001.html
外国語科目,英語科目,2018_BC00009002.html
外国語科目,英語科目,2018_BC00009003.html
外国語科目,英語科目,2018_BC00009004.html
外国語科目,英語科目,2018_BC00009005.html
外国語科目,英語科目,2018_BC00009006.html
外国語科目,英語科目,2018_BC00009007.html
外国語科目,英語科目,2018_BC00009008.html
外国語科目,英語科目,2018_BC00009009.html
外国語科目,英語科目,2018_BC00010001.html
外国語科目,英語科目,2018_BC00010002.html
外国語科目,英語科目,2018_BC00010003.html
外国語科目,英語科目,2018_BC00010004.html
外国語科目,英語科目,2018_BC00010005.html
外国語科目,英語科目,2018_BC00010006.html
外国語科目,英語科目,2018_BC00011001.html
外国語科目,英語科目,2018_BC00011002.html
外国語科目,英語科目,2018_BC00011003.html
外国語科目,英語科目,2018_BC00011004.html
外国語科目,英語科目,2018_BC00011005.html
外国語科目,英語科目,2018_BC00011006.html
外国語科目,英語科目,2018_BC00013001.html
外国語科目,英語科目,2018_BC00013002.html
外国語科目,英語科目,2018_BC00013003.html
外国語科目,英語科目,2018_BC00013004.html
外国語科目,英語科目,2018_BC00013005.html
外国語科目,英語科目,2018_BC00013006.html
外国語科目,英語科目,2018_BC00015001.html
外国語科目,英語科目,2018_BC00015002.html
外国語科目,英語科目,2018_BC00015003.html
外国語科目,英語科目,2018_BC00015004.html
外国語科目,英語科目,2018_BC00015005.html
外国語科目,英語科目,2018_BC00015006.html
外国語科目,英語科目,2018_BC00015007.html
外国語科目,英語科目,2018_BC00015008.html
外国語科目,第二外国語科目,2018_BD00100001.html
外国語科目,第二外国語科目,2018_BD00100003.html
外国語科目,第二外国語科目,2018_BD00100004.html
外国語科目,第二外国語科目,2018_BD00100006.html
外国語科目,第二外国語科目,2018_BD00100008.html
外国語科目,第二外国語科目,2018_BD00100010.html
外国語科目,第二外国語科目,2018_BD00100012.html
外国語科目,第二外国語科目,2018_BD00100014.html
外国語科目,第二外国語科目,2018_BD00100016.html
外国語科目,第二外国語科目,2018_BD00100017.html
外国語科目,第二外国語科目,2018_BD00100019.html
外国語科目,第二外国語科目,2018_BD00101001.html
外国語科目,第二外国語科目,2018_BD00101003.html
外国語科目,第二外国語科目,2018_BD00101005.html
外国語科目,第二外国語科目,2018_BD00101007.html
外国語科目,第二外国語科目,2018_BD00101008.html
外国語科目,第二外国語科目,2018_BD00101010.html
外国語科目,第二外国語科目,2018_BD00101011.html
外国語科目,第二外国語科目,2018_BD00101013.html
外国語科目,第二外国語科目,2018_BD00101015.html
外国語科目,第二外国語科目,2018_BD00101017.html
外国語科目,第二外国語科目,2018_BD00101019.html
外国語科目,第二外国語科目,2018_BD00102001.html
外国語科目,第二外国語科目,2018_BD00102002.html
外国語科目,第二外国語科目,2018_BD00102003.html
外国語科目,第二外国語科目,2018_BD00102004.html
外国語科目,第二外国語科目,2018_BD00102005.html
外国語科目,第二外国語科目,2018_BD00102006.html
外国語科目,第二外国語科目,2018_BD00102007.html
外国語科目,第二外国語科目,2018_BD00102008.html
外国語科目,第二外国語科目,2018_BD00102009.html
外国語科目,第二外国語科目,2018_BD00102010.html
外国語科目,第二外国語科目,2018_BD00102011.html
外国語科目,第二外国語科目,2018_BD00102012.html
外国語科目,第二外国語科目,2018_BD00102013.html
外国語科目,第二外国語科目,2018_BD00102014.html
外国語科目,第二外国語科目,2018_BD00103001.html
外国語科目,第二外国語科目,2018_BD00104001.html
外国語科目,第二外国語科目,2018_BD00200001.html
外国語科目,第二外国語科目,2018_BD00200002.html
外国語科目,第二外国語科目,2018_BD00200005.html
外国語科目,第二外国語科目,2018_BD00200006.html
外国語科目,第二外国語科目,2018_BD00200009.html
外国語科目,第二外国語科目,2018_BD00200010.html
外国語科目,第二外国語科目,2018_BD00200012.html
外国語科目,第二外国語科目,2018_BD00200013.html
外国語科目,第二外国語科目,2018_BD00201001.html
外国語科目,第二外国語科目,2018_BD00201002.html
外国語科目,第二外国語科目,2018_BD00201005.html
外国語科目,第二外国語科目,2018_BD00201006.html
外国語科目,第二外国語科目,2018_BD00201009.html
外国語科目,第二外国語科目,2018_BD00201011.html
外国語科目,第二外国語科目,2018_BD00201012.html
外国語科目,第二外国語科目,2018_BD00201013.html
外国語科目,第二外国語科目,2018_BD00202001.html
外国語科目,第二外国語科目,2018_BD00202002.html
外国語科目,第二外国語科目,2018_BD00202003.html
外国語科目,第二外国語科目,2018_BD00202004.html
外国語科目,第二外国語科目,2018_BD00202005.html
外国語科目,第二外国語科目,2018_BD00202006.html
外国語科目,第二外国語科目,2018_BD00202007.html
外国語科目,第二外国語科目,2018_BD00202008.html
外国語科目,第二外国語科目,2018_BD00202009.html
外国語科目,第二外国語科目,2018_BD00203001.html
外国語科目,第二外国語科目,2018_BD00204001.html
外国語科目,第二外国語科目,2018_BD00300001.html
外国語科目,第二外国語科目,2018_BD00300003.html
外国語科目,第二外国語科目,2018_BD00300005.html
外国語科目,第二外国語科目,2018_BD00300006.html
外国語科目,第二外国語科目,2018_BD00300009.html
外国語科目,第二外国語科目,2018_BD00300010.html
外国語科目,第二外国語科目,2018_BD00300013.html
外国語科目,第二外国語科目,2018_BD00300014.html
外国語科目,第二外国語科目,2018_BD00300017.html
外国語科目,第二外国語科目,2018_BD00300018.html
外国語科目,第二外国語科目,2018_BD00300021.html
外国語科目,第二外国語科目,2018_BD00300022.html
外国語科目,第二外国語科目,2018_BD00300025.html
外国語科目,第二外国語科目,2018_BD00300026.html
外国語科目,第二外国語科目,2018_BD00300029.html
外国語科目,第二外国語科目,2018_BD00300030.html
外国語科目,第二外国語科目,2018_BD00300032.html
外国語科目,第二外国語科目,2018_BD00300033.html
外国語科目,第二外国語科目,2018_BD00300036.html
外国語科目,第二外国語科目,2018_BD00300037.html
外国語科目,第二外国語科目,2018_BD00300040.html
外国語科目,第二外国語科目,2018_BD00300041.html
外国語科目,第二外国語科目,2018_BD00300044.html
外国語科目,第二外国語科目,2018_BD00300045.html
外国語科目,第二外国語科目,2018_BD00301001.html
外国語科目,第二外国語科目,2018_BD00301003.html
外国語科目,第二外国語科目,2018_BD00301005.html
外国語科目,第二外国語科目,2018_BD00301006.html
外国語科目,第二外国語科目,2018_BD00301009.html
外国語科目,第二外国語科目,2018_BD00301010.html
外国語科目,第二外国語科目,2018_BD00301013.html
外国語科目,第二外国語科目,2018_BD00301014.html
外国語科目,第二外国語科目,2018_BD00301017.html
外国語科目,第二外国語科目,2018_BD00301018.html
外国語科目,第二外国語科目,2018_BD00301021.html
外国語科目,第二外国語科目,2018_BD00301022.html
外国語科目,第二外国語科目,2018_BD00301023.html
外国語科目,第二外国語科目,2018_BD00301026.html
外国語科目,第二外国語科目,2018_BD00301027.html
外国語科目,第二外国語科目,2018_BD00301030.html
外国語科目,第二外国語科目,2018_BD00301031.html
外国語科目,第二外国語科目,2018_BD00301033.html
外国語科目,第二外国語科目,2018_BD00301034.html
外国語科目,第二外国語科目,2018_BD00301037.html
外国語科目,第二外国語科目,2018_BD00301038.html
外国語科目,第二外国語科目,2018_BD00301039.html
外国語科目,第二外国語科目,2018_BD00301042.html
外国語科目,第二外国語科目,2018_BD00301043.html
外国語科目,第二外国語科目,2018_BD00302001.html
外国語科目,第二外国語科目,2018_BD00302002.html
外国語科目,第二外国語科目,2018_BD00302003.html
外国語科目,第二外国語科目,2018_BD00302004.html
外国語科目,第二外国語科目,2018_BD00302005.html
外国語科目,第二外国語科目,2018_BD00302006.html
外国語科目,第二外国語科目,2018_BD00302007.html
外国語科目,第二外国語科目,2018_BD00302008.html
外国語科目,第二外国語科目,2018_BD00302009.html
外国語科目,第二外国語科目,2018_BD00302010.html
外国語科目,第二外国語科目,2018_BD00302011.html
外国語科目,第二外国語科目,2018_BD00302012.html
外国語科目,第二外国語科目,2018_BD00302013.html
外国語科目,第二外国語科目,2018_BD00302014.html
外国語科目,第二外国語科目,2018_BD00302015.html
外国語科目,第二外国語科目,2018_BD00302016.html
外国語科目,第二外国語科目,2018_BD00302017.html
外国語科目,第二外国語科目,2018_BD00302018.html
外国語科目,第二外国語科目,2018_BD00302019.html
外国語科目,第二外国語科目,2018_BD00302020.html
外国語科目,第二外国語科目,2018_BD00302021.html
外国語科目,第二外国語科目,2018_BD00302022.html
外国語科目,第二外国語科目,2018_BD00302023.html
外国語科目,第二外国語科目,2018_BD00302024.html
外国語科目,第二外国語科目,2018_BD00302025.html
外国語科目,第二外国語科目,2018_BD00303001.html
外国語科目,第二外国語科目,2018_BD00304001.html
外国語科目,第二外国語科目,2018_BD00400001.html
外国語科目,第二外国語科目,2018_BD00400003.html
外国語科目,第二外国語科目,2018_BD00400004.html
外国語科目,第二外国語科目,2018_BD00400007.html
外国語科目,第二外国語科目,2018_BD00400009.html
外国語科目,第二外国語科目,2018_BD00400010.html
外国語科目,第二外国語科目,2018_BD00400013.html
外国語科目,第二外国語科目,2018_BD00400014.html
外国語科目,第二外国語科目,2018_BD00400017.html
外国語科目,第二外国語科目,2018_BD00400018.html
外国語科目,第二外国語科目,2018_BD00400021.html
外国語科目,第二外国語科目,2018_BD00400022.html
外国語科目,第二外国語科目,2018_BD00400025.html
外国語科目,第二外国語科目,2018_BD00400026.html
外国語科目,第二外国語科目,2018_BD00400027.html
外国語科目,第二外国語科目,2018_BD00401001.html
外国語科目,第二外国語科目,2018_BD00401003.html
外国語科目,第二外国語科目,2018_BD00401004.html
外国語科目,第二外国語科目,2018_BD00401007.html
外国語科目,第二外国語科目,2018_BD00401008.html
外国語科目,第二外国語科目,2018_BD00401010.html
外国語科目,第二外国語科目,2018_BD00401011.html
外国語科目,第二外国語科目,2018_BD00401012.html
外国語科目,第二外国語科目,2018_BD00401013.html
外国語科目,第二外国語科目,2018_BD00401016.html
外国語科目,第二外国語科目,2018_BD00401017.html
外国語科目,第二外国語科目,2018_BD00401018.html
外国語科目,第二外国語科目,2018_BD00401021.html
外国語科目,第二外国語科目,2018_BD00401022.html
外国語科目,第二外国語科目,2018_BD00401025.html
外国語科目,第二外国語科目,2018_BD00401026.html
外国語科目,第二外国語科目,2018_BD00402001.html
外国語科目,第二外国語科目,2018_BD00402002.html
外国語科目,第二外国語科目,2018_BD00402003.html
外国語科目,第二外国語科目,2018_BD00402004.html
外国語科目,第二外国語科目,2018_BD00402005.html
外国語科目,第二外国語科目,2018_BD00402006.html
外国語科目,第二外国語科目,2018_BD00402007.html
外国語科目,第二外国語科目,2018_BD00402008.html
外国語科目,第二外国語科目,2018_BD00402009.html
外国語科目,第二外国語科目,2018_BD00402010.html
外国語科目,第二外国語科目,2018_BD00402011.html
外国語科目,第二外国語科目,2018_BD00402012.html
外国語科目,第二外国語科目,2018_BD00402013.html
外国語科目,第二外国語科目,2018_BD00402014.html
外国語科目,第二外国語科目,2018_BD00402015.html
外国語科目,第二外国語科目,2018_BD00402016.html
外国語科目,第二外国語科目,2018_BD00402017.html
外国語科目,第二外国語科目,2018_BD00403001.html
外国語科目,第二外国語科目,2018_BD00404001.html
外国語科目,選択外国語,2018_BD00500001.html
外国語科目,選択外国語,2018_BD00600001.html
外国語科目,選択外国語,2018_BD00601001.html
外国語科目,留学生用科目,2018_BR00001001.html
外国語科目,留学生用科目,2018_BR00001002.html
外国語科目,留学生用科目,2018_BR00002001.html
外国語科目,留学生用科目,2018_BR00002002.html
外国語科目,留学生用科目,2018_BR00003001.html
外国語科目,留学生用科目,2018_BR00003002.html
外国語科目,留学生用科目,2018_BR00004001.html
外国語科目,留学生用科目,2018_BR00004002.html
保健体育科目,健康科学論,2018_CA00001001.html
保健体育科目,健康科学論,2018_CA00001002.html
保健体育科目,健康科学論,2018_CA00001003.html
保健体育科目,健康科学論,2018_CA00001004.html
保健体育科目,健康科学論,2018_CA00001005.html
保健体育科目,健康科学論,2018_CA00001006.html
保健体育科目,健康科学論,2018_CA00001007.html
保健体育科目,健康科学論,2018_CA00001008.html
保健体育科目,健康科学論,2018_CA00001009.html
保健体育科目,健康科学論,2018_CA00001010.html
保健体育科目,健康科学論,2018_CA00001011.html
保健体育科目,健康科学論,2018_CA00001012.html
保健体育科目,健康科学論,2018_CA00001013.html
保健体育科目,健康科学論,2018_CA00001014.html
保健体育科目,健康科学論,2018_CA00001015.html
保健体育科目,健康科学論,2018_CA00001016.html
保健体育科目,健康科学論,2018_CA00001017.html
保健体育科目,健康科学論,2018_CA00001018.html
保健体育科目,スポーツ科学,2018_CA00003001.html
保健体育科目,スポーツ科学,2018_CA00003002.html
保健体育科目,スポーツ科学,2018_CA00003003.html
保健体育科目,スポーツ科学,2018_CA00003004.html
保健体育科目,スポーツ科学,2018_CA00003005.html
保健体育科目,スポーツ科学,2018_CA00003006.html
保健体育科目,スポーツ科学,2018_CA00003007.html
保健体育科目,スポーツ科学,2018_CA00003008.html
保健体育科目,スポーツ科学,2018_CA00003009.html
保健体育科目,スポーツ科学,2018_CA00003010.html
保健体育科目,スポーツ科学,2018_CA00003011.html
保健体育科目,スポーツ科学,2018_CA00003012.html
保健体育科目,スポーツ科学,2018_CA00003013.html
保健体育科目,スポーツ科学,2018_CA00003014.html
保健体育科目,スポーツ科学,2018_CA00003015.html
保健体育科目,スポーツ科学,2018_CA00003016.html
保健体育科目,スポーツ科学,2018_CA00003017.html
保健体育科目,スポーツ科学,2018_CA00003018.html
保健体育科目,スポーツ科学,2018_CA00003019.html
保健体育科目,スポーツ科学,2018_CA00003020.html
保健体育科目,スポーツ科学,2018_CA00003021.html
保健体育科目,スポーツ科学,2018_CA00003022.html
保健体育科目,スポーツ科学,2018_CA00003023.html
保健体育科目,スポーツ科学,2018_CA00003024.html
保健体育科目,スポーツ科学,2018_CA00003025.html
保健体育科目,スポーツ科学,2018_CA00003026.html
保健体育科目,スポーツ科学,2018_CA00003027.html
保健体育科目,スポーツ科学,2018_CA00003028.html
保健体育科目,スポーツ科学,2018_CA00003029.html
保健体育科目,スポーツ科学,2018_CA00003030.html
保健体育科目,スポーツ科学,2018_CA00003031.html
保健体育科目,スポーツ科学,2018_CA00003032.html
保健体育科目,スポーツ科学,2018_CA00003033.html
保健体育科目,スポーツ科学,2018_CA00003034.html
保健体育科目,スポーツ科学,2018_CA00003035.html
保健体育科目,スポーツ科学,2018_CA00003036.html
保健体育科目,スポーツ科学,2018_CA00003037.html
保健体育科目,スポーツ科学,2018_CA00003038.html
保健体育科目,スポーツ科学,2018_CA00003039.html
保健体育科目,スポーツ科学,2018_CA00003040.html
保健体育科目,スポーツ科学,2018_CA00003041.html
保健体育科目,スポーツ科学,2018_CA00003042.html
保健体育科目,スポーツ科学,2018_CA00003043.html
保健体育科目,スポーツ科学,2018_CA00003044.html
保健体育科目,スポーツ科学,2018_CA00003045.html
保健体育科目,スポーツ科学,2018_CA00003046.html
保健体育科目,スポーツ科学,2018_CA00003047.html
保健体育科目,スポーツ科学,2018_CA00003048.html
保健体育科目,スポーツ科学,2018_CA00003049.html
専門教育科目,ミクロ経済学Ⅱ,2018_DA00001001.html
専門教育科目,ミクロ経済学Ⅱ,2018_DA00001002.html
専門教育科目,ミクロ経済学Ⅱ,2018_DA00001003.html
専門教育科目,ミクロ経済学Ⅱ,2018_DA00001004.html
専門教育科目,ミクロ経済学Ⅱ,2018_DA00001005.html
専門教育科目,ミクロ経済学Ⅱ,2018_DA00001006.html
専門教育科目,ミクロ経済学Ⅱ,2018_DA00001007.html
専門教育科目,ミクロ経済学Ⅱ,2018_DA00001008.html
専門教育科目,ミクロ経済学Ⅱ,2018_DA00001009.html
専門教育科目,ミクロ経済学Ⅱ,2018_DA00001010.html
専門教育科目,ミクロ経済学Ⅱ,2018_DA00001011.html
専門教育科目,ミクロ経済学Ⅱ,2018_DA00001012.html
専門教育科目,ミクロ経済学Ⅱ,2018_DA00001013.html
専門教育科目,ミクロ経済学Ⅱ,2018_DA00001014.html
専門教育科目,ミクロ経済学Ⅱ,2018_DA00001015.html
専門教育科目,マクロ経済学Ⅱ,2018_DA00002001.html
専門教育科目,マクロ経済学Ⅱ,2018_DA00002002.html
専門教育科目,マクロ経済学Ⅱ,2018_DA00002003.html
専門教育科目,マクロ経済学Ⅱ,2018_DA00002004.html
専門教育科目,マクロ経済学Ⅱ,2018_DA00002005.html
専門教育科目,マクロ経済学Ⅱ,2018_DA00002006.html
専門教育科目,マクロ経済学Ⅱ,2018_DA00002007.html
専門教育科目,マクロ経済学Ⅱ,2018_DA00002008.html
専門教育科目,マクロ経済学Ⅱ,2018_DA00002009.html
専門教育科目,マクロ経済学Ⅱ,2018_DA00002010.html
専門教育科目,マクロ経済学Ⅱ,2018_DA00002011.html
専門教育科目,マクロ経済学Ⅱ,2018_DA00002012.html
専門教育科目,マクロ経済学Ⅱ,2018_DA00002013.html
専門教育科目,マクロ経済学Ⅱ,2018_DA00002014.html
専門教育科目,マクロ経済学Ⅱ,2018_DA00002015.html
専門教育科目,Microeconomics,2018_DA00004001.html
専門教育科目,Macroeconomics,2018_DA00006001.html
専門教育科目,マルクス経済学,2018_DA00007001.html
専門教育科目,国民所得論,2018_DA00009001.html
専門教育科目,経済学史,2018_DA00010001.html
専門教育科目,経済思想史,2018_DA00011001.html
専門教育科目,経済思想史,2018_DA00011002.html
専門教育科目,景気循環論,2018_DA00012001.html
専門教育科目,景気循環論,2018_DA00012002.html
専門教育科目,比較経済体制論,2018_DA00013001.html
専門教育科目,計量経済学,2018_DA00014001.html
専門教育科目,計量経済学,2018_DA00014002.html
専門教育科目,計量経済学,2018_DA00014003.html
専門教育科目,経済成長論,2018_DA00015001.html
専門教育科目,産業組織論,2018_DA00016001.html
専門教育科目,経済史Ⅰ,2018_DA00019001.html
専門教育科目,経済史Ⅰ,2018_DA00019002.html
専門教育科目,経済史Ⅰ,2018_DA00019003.html
専門教育科目,経済史Ⅰ,2018_DA00019004.html
専門教育科目,経済史Ⅰ,2018_DA00019005.html
専門教育科目,経済史Ⅰ,2018_DA00019006.html
専門教育科目,経済史Ⅱ,2018_DA00020001.html
専門教育科目,経済史Ⅱ,2018_DA00020002.html
専門教育科目,経済史Ⅱ,2018_DA00020003.html
専門教育科目,経済史Ⅱ,2018_DA00020004.html
専門教育科目,経済史Ⅱ,2018_DA00020005.html
専門教育科目,経済史Ⅱ,2018_DA00020006.html
専門教育科目,日本経済史,2018_DA00021001.html
専門教育科目,日本経済史,2018_DA00021002.html
専門教育科目,西洋経済史,2018_DA00022001.html
専門教育科目,経済政策論,2018_DA00024001.html
専門教育科目,経済政策論,2018_DA00024002.html
専門教育科目,経済政策論,2018_DA00024003.html
専門教育科目,経済政策論,2018_DA00024004.html
専門教育科目,農業経済論,2018_DA00025001.html
専門教育科目,農業経済論,2018_DA00025002.html
専門教育科目,経済地理学,2018_DA00027001.html
専門教育科目,経済地理学,2018_DA00027002.html
専門教育科目,日本経済論,2018_DA00029001.html
専門教育科目,日本経済論,2018_DA00029002.html
専門教育科目,日本経済論,2018_DA00029003.html
専門教育科目,日本経済論(英)Ⅰ,2018_DA00031001.html
専門教育科目,日本経済論(英)Ⅱ,2018_DA00032001.html
専門教育科目,アメリカ経済論,2018_DA00033001.html
専門教育科目,ロシア・東欧経済論,2018_DA00034001.html
専門教育科目,中国経済論,2018_DA00035001.html
専門教育科目,中国経済論,2018_DA00035002.html
専門教育科目,経済開発論,2018_DA00036001.html
専門教育科目,財政学,2018_DA00038001.html
専門教育科目,財政学,2018_DA00038002.html
専門教育科目,財政学,2018_DA00038003.html
専門教育科目,財政学,2018_DA00038004.html
専門教育科目,財政学,2018_DA00038005.html
専門教育科目,租税論,2018_DA00040001.html
専門教育科目,貨幣経済論,2018_DA00041001.html
専門教育科目,国際金融論,2018_DA00043001.html
専門教育科目,国際金融論,2018_DA00043002.html
専門教育科目,国際金融論,2018_DA00043003.html
専門教育科目,国際金融論,2018_DA00043004.html
専門教育科目,国際金融論（英）Ⅰ,2018_DA00045001.html
専門教育科目,国際金融論（英）Ⅱ,2018_DA00046001.html
専門教育科目,金融政策論,2018_DA00047001.html
専門教育科目,経済数学Ⅰ,2018_DA00049001.html
専門教育科目,経済数学Ⅰ,2018_DA00049002.html
専門教育科目,経済数学Ⅱ,2018_DA00050001.html
専門教育科目,経済数学Ⅱ,2018_DA00050002.html
専門教育科目,社会政策論,2018_DA00051001.html
専門教育科目,労働経済論,2018_DA00052001.html
専門教育科目,労働経済論,2018_DA00052002.html
専門教育科目,社会保障論,2018_DA00053001.html
専門教育科目,社会保障論,2018_DA00053002.html
専門教育科目,社会保障論,2018_DA00053003.html
専門教育科目,人口経済論,2018_DA00054001.html
専門教育科目,人口経済論,2018_DA00054002.html
専門教育科目,国際政治経済学,2018_DA00057001.html
専門教育科目,経済統計学,2018_DA00058001.html
専門教育科目,現代産業論,2018_DA00060001.html
専門教育科目,ミクロ経済分析,2018_DA00061001.html
専門教育科目,ミクロ経済分析,2018_DA00061002.html
専門教育科目,ミクロ経済分析,2018_DA00061003.html
専門教育科目,ミクロ経済分析,2018_DA00061004.html
専門教育科目,ミクロ経済分析,2018_DA00061005.html
専門教育科目,ミクロ経済分析,2018_DA00061006.html
専門教育科目,ミクロ経済分析,2018_DA00061007.html
専門教育科目,ミクロ経済分析,2018_DA00061008.html
専門教育科目,ミクロ経済分析,2018_DA00061009.html
専門教育科目,ミクロ経済分析,2018_DA00061010.html
専門教育科目,ミクロ経済分析,2018_DA00061011.html
専門教育科目,マクロ経済分析,2018_DA00063001.html
専門教育科目,マクロ経済分析,2018_DA00063002.html
専門教育科目,マクロ経済分析,2018_DA00063003.html
専門教育科目,マクロ経済分析,2018_DA00063004.html
専門教育科目,マクロ経済分析,2018_DA00063005.html
専門教育科目,マクロ経済分析,2018_DA00063006.html
専門教育科目,マクロ経済分析,2018_DA00063007.html
専門教育科目,マクロ経済分析,2018_DA00063008.html
専門教育科目,マクロ経済分析,2018_DA00063009.html
専門教育科目,マクロ経済分析,2018_DA00063010.html
専門教育科目,公共経済学,2018_DA00065001.html
専門教育科目,公共経済学,2018_DA00065002.html
専門教育科目,環境経済論,2018_DA00066001.html
専門教育科目,環境経済論,2018_DA00066002.html
専門教育科目,福祉経済論,2018_DA00067001.html
専門教育科目,社会保障法,2018_DA00068001.html
専門教育科目,アジア経済論,2018_DA00069001.html
専門教育科目,都市問題論,2018_DA00070001.html
専門教育科目,都市環境論,2018_DA00071001.html
専門教育科目,近代経済学史,2018_DA00073001.html
専門教育科目,近代経済学史,2018_DA00073002.html
専門教育科目,ゲーム理論,2018_DA00074001.html
専門教育科目,ゲーム理論,2018_DA00074002.html
専門教育科目,アジア経済史,2018_DA00080001.html
専門教育科目,資源・エネルギー論,2018_DA00081001.html
専門教育科目,ＥＵ経済論,2018_DA00082001.html
専門教育科目,都市・農村システム論,2018_DA00083001.html
専門教育科目,都市・農村システム論,2018_DA00083002.html
専門教育科目,年金論,2018_DA00084001.html
専門教育科目,日本経済入門,2018_DA00086001.html
専門教育科目,日本経済入門,2018_DA00086002.html
専門教育科目,日本経済入門,2018_DA00086003.html
専門教育科目,日本経済入門,2018_DA00086004.html
専門教育科目,日本経済入門,2018_DA00086005.html
専門教育科目,日本経済入門,2018_DA00086006.html
専門教育科目,経済分析入門,2018_DA00087003.html
専門教育科目,経済分析入門,2018_DA00087004.html
専門教育科目,経済分析入門,2018_DA00087005.html
専門教育科目,経済分析入門,2018_DA00087006.html
専門教育科目,経済分析入門,2018_DA00087007.html
専門教育科目,経済分析入門,2018_DA00087008.html
専門教育科目,経済分析入門,2018_DA00087009.html
専門教育科目,経済分析入門,2018_DA00087010.html
専門教育科目,情報経済論,2018_DA00090001.html
専門教育科目,多国籍企業論,2018_DA00092001.html
専門教育科目,多国籍企業論,2018_DA00092002.html
専門教育科目,中小企業論,2018_DA00093001.html
専門教育科目,中小企業論,2018_DA00093002.html
専門教育科目,流通経済論,2018_DA00094001.html
専門教育科目,労使関係論,2018_DA00095001.html
専門教育科目,生産管理論,2018_DA00096001.html
専門教育科目,人事労務管理論,2018_DA00097001.html
専門教育科目,人事労務管理論,2018_DA00097002.html
専門教育科目,国際経営論,2018_DA00098001.html
専門教育科目,中級ミクロ経済学Ⅰ,2018_DA00099001.html
専門教育科目,中級ミクロ経済学Ⅱ,2018_DA00100001.html
専門教育科目,中級マクロ経済学,2018_DA00101001.html
専門教育科目,制度派経済学,2018_DA00102001.html
専門教育科目,家族社会学,2018_DA00103001.html
専門教育科目,家族社会学,2018_DA00103002.html
専門教育科目,交通経済論Ⅰ,2018_DA00104001.html
専門教育科目,交通経済論Ⅱ,2018_DA00105001.html
専門教育科目,公共経営論,2018_DA00106001.html
専門教育科目,公共経営論,2018_DA00106002.html
専門教育科目,国際経済論(英)Ⅰ,2018_DA00107001.html
専門教育科目,国際経済論(英)Ⅱ,2018_DA00108001.html
専門教育科目,経済開発論(英)Ⅰ,2018_DA00109001.html
専門教育科目,経済開発論(英)Ⅱ,2018_DA00110001.html
専門教育科目,アジア経済論(英)Ⅰ,2018_DA00111001.html
専門教育科目,アジア経済論(英)Ⅱ,2018_DA00112001.html
専門教育科目,中国経済論(英)Ⅰ,2018_DA00113001.html
専門教育科目,中国経済論(英)Ⅱ,2018_DA00114001.html
専門教育科目,アメリカ経済論(英)Ⅰ,2018_DA00115001.html
専門教育科目,アメリカ経済論(英)Ⅱ,2018_DA00116001.html
専門教育科目,"Japanese Business and Marketing Ⅰ",2018_DA00117001.html
専門教育科目,"Japanese Business and MarketingⅡ",2018_DA00118001.html
専門教育科目,"Japanese Finance and BankingⅠ",2018_DA00119001.html
専門教育科目,"Japanese Finance and BankingⅡ",2018_DA00120001.html
専門教育科目,"Work and Family in JapanⅠ",2018_DA00121001.html
専門教育科目,"Work and Family in JapanⅡ",2018_DA00122001.html
専門教育科目,英語セミナーⅠ,2018_DA00123001.html
専門教育科目,英語セミナーⅠ,2018_DA00123002.html
専門教育科目,英語セミナーⅡ,2018_DA00124001.html
専門教育科目,英語セミナーⅡ,2018_DA00124002.html
専門教育科目,英語セミナーⅢ,2018_DA00125001.html
専門教育科目,英語セミナーⅢ,2018_DA00125002.html
専門教育科目,英語セミナーⅣ,2018_DA00126001.html
専門教育科目,英語セミナーⅣ,2018_DA00126002.html
専門教育科目,英語特殊研究Ⅰ,2018_DA00127001.html
専門教育科目,英語特殊研究Ⅱ,2018_DA00128001.html
専門教育科目,英語特殊研究Ⅲ,2018_DA00129001.html
専門教育科目,英語特殊研究Ⅳ,2018_DA00130001.html
専門教育科目,英語インテンシブ・リーディングⅠ,2018_DA00131001.html
専門教育科目,英語インテンシブ・リーディングⅡ,2018_DA00132001.html
専門教育科目,英語インテンシブ・リスニングⅠ,2018_DA00133001.html
専門教育科目,英語インテンシブ・リスニングⅡ,2018_DA00134001.html
専門教育科目,英語エッセイ・ライティングⅠ,2018_DA00136001.html
専門教育科目,英語エッセイ・ライティングⅡ,2018_DA00137001.html
専門教育科目,英語エクステンシブ・リーディングⅠ,2018_DA00138001.html
専門教育科目,英語エクステンシブ・リーディングⅡ,2018_DA00139001.html
専門教育科目,上級ビジネス英語Ⅰ,2018_DA00140001.html
専門教育科目,上級ビジネス英語Ⅱ,2018_DA00141001.html
専門教育科目,メディア英語Ⅰ,2018_DA00142001.html
専門教育科目,メディア英語Ⅱ,2018_DA00143001.html
専門教育科目,女性労働論,2018_DAH0077001.html
専門教育科目,経済特殊講義Ⅰ（資本市場の役割と証券投資）,2018_DB01005001.html
専門教育科目,経済特殊講義Ⅰ(経済学のエッセンス),2018_DB01011001.html
専門教育科目,経済特殊講義Ⅰ（住宅・不動産論）,2018_DB01027001.html
専門教育科目,経済特殊講義Ⅰ（住宅・不動産論）,2018_DB01027002.html
専門教育科目,経済特殊講義Ⅰ(経済学を学ぶための数学),2018_DB01030001.html
専門教育科目,経済特殊講義Ⅰ(経済学を学ぶための数学),2018_DB01030002.html
専門教育科目,経済特殊講義Ⅰ（英語で学ぶ入門経済学）,2018_DB01034001.html
専門教育科目,経済特殊講義Ⅰ（人口論）,2018_DB01038001.html
専門教育科目,経済特殊講義Ⅰ（人口論）,2018_DB01038002.html
専門教育科目,経済特殊講義Ⅰ（地域再生の経済論）,2018_DB01040001.html
専門教育科目,経済特殊講義Ⅰ（日本の経済財政）,2018_DB01041001.html
専門教育科目,経済特殊講義Ⅰ（日本の経済財政）,2018_DB01041002.html
専門教育科目,経済特殊講義Ⅰ（外書講読で学ぶ現代米国）,2018_DB01042001.html
専門教育科目,経済特殊講義Ⅰ（地方自治制度）,2018_DB01043001.html
専門教育科目,経済特殊講義Ⅰ（地方自治制度）,2018_DB01043002.html
専門教育科目,経済特殊講義Ⅱ（行政法）,2018_DC01008001.html
専門教育科目,経済特殊講義Ⅱ（クリエーティブ産業の経済学）,2018_DC01009001.html
専門教育科目,経済特殊講義Ⅱ（日本の賃金）,2018_DC01012001.html
専門教育科目,経済特殊講義Ⅲ（英語論文作成Ⅰ）,2018_DD02014001.html
専門教育科目,経済特殊講義Ⅲ（英語論文作成Ⅱ）,2018_DD02015001.html
専門教育科目,"経済特殊講義Ⅲ（Economic StatisticsⅠ(英))",2018_DD02016001.html
専門教育科目,"経済特殊講義Ⅲ（Economic StatisticsⅡ(英))",2018_DD02017001.html
専門教育科目,"経済特殊講義Ⅲ（International businessⅠ（英））",2018_DD02019001.html
専門教育科目,"経済特殊講義Ⅲ（International businessⅡ（英））",2018_DD02020001.html
専門教育科目,"経済特殊講義Ⅲ（Intermediate Microeconomics(英)）",2018_DD02021001.html
専門教育科目,"経済特殊講義Ⅲ（Monetary Policy（英））",2018_DD02022001.html
専門教育科目,"経済特殊講義Ⅲ（Monetary Policy（英））",2018_DD02022002.html
専門教育科目,"経済特殊講義Ⅲ（Global Management（英））",2018_DD02023001.html
専門教育科目,"経済特殊講義Ⅲ（Global Management（英））",2018_DD02023002.html
専門教育科目,"経済特殊講義Ⅲ（Global health（英））",2018_DD02024001.html
専門教育科目,"経済特殊講義Ⅲ（Global health（英））",2018_DD02024002.html
専門教育科目,経営時事問題,2018_DE00001001.html
専門教育科目,経営時事問題,2018_DE00001002.html
専門教育科目,消費者行動論,2018_DE00003001.html
専門教育科目,現代企業論,2018_DE00004001.html
専門教育科目,現代企業論,2018_DE00004002.html
専門教育科目,協同組合論,2018_DE00005001.html
専門教育科目,経営学,2018_DE00006001.html
専門教育科目,経営学,2018_DE00006002.html
専門教育科目,経営学,2018_DE00006003.html
専門教育科目,経営学,2018_DE00006004.html
専門教育科目,経営学,2018_DE00006005.html
専門教育科目,経営管理論,2018_DE00008001.html
専門教育科目,経営管理論,2018_DE00008002.html
専門教育科目,経営戦略論,2018_DE00010001.html
専門教育科目,経営戦略論,2018_DE00010002.html
専門教育科目,経営組織論,2018_DE00011001.html
専門教育科目,経営財務論,2018_DE00012001.html
専門教育科目,経営財務論,2018_DE00012002.html
専門教育科目,マーケティング論,2018_DE00013001.html
専門教育科目,マーケティング論,2018_DE00013002.html
専門教育科目,マーケティング論,2018_DE00013003.html
専門教育科目,マーケティング論,2018_DE00013004.html
専門教育科目,経営史,2018_DE00014001.html
専門教育科目,経営史,2018_DE00014002.html
専門教育科目,産業・組織心理学,2018_DE00015001.html
専門教育科目,産業・組織心理学,2018_DE00015002.html
専門教育科目,企業分析論,2018_DE00018001.html
専門教育科目,企業分析論,2018_DE00018002.html
専門教育科目,簿記Ⅰ,2018_DE00020001.html
専門教育科目,簿記Ⅰ,2018_DE00020002.html
専門教育科目,簿記Ⅰ,2018_DE00020003.html
専門教育科目,簿記Ⅰ,2018_DE00020004.html
専門教育科目,簿記Ⅰ,2018_DE00020005.html
専門教育科目,簿記Ⅰ,2018_DE00020006.html
専門教育科目,簿記Ⅰ,2018_DE00020007.html
専門教育科目,簿記Ⅰ,2018_DE00020008.html
専門教育科目,簿記Ⅰ,2018_DE00020009.html
専門教育科目,簿記Ⅰ,2018_DE00020010.html
専門教育科目,簿記Ⅰ,2018_DE00020011.html
専門教育科目,簿記Ⅱ,2018_DE00022001.html
専門教育科目,簿記Ⅱ,2018_DE00022002.html
専門教育科目,簿記Ⅱ,2018_DE00022003.html
専門教育科目,簿記Ⅱ,2018_DE00022004.html
専門教育科目,簿記Ⅱ,2018_DE00022005.html
専門教育科目,簿記Ⅱ,2018_DE00022006.html
専門教育科目,会計学,2018_DE00023001.html
専門教育科目,会計学,2018_DE00023002.html
専門教育科目,会計学,2018_DE00023003.html
専門教育科目,会計学,2018_DE00023004.html
専門教育科目,原価計算論,2018_DE00026001.html
専門教育科目,管理会計論,2018_DE00027001.html
専門教育科目,監査論,2018_DE00028001.html
専門教育科目,金融機関論,2018_DE00030001.html
専門教育科目,ロジスティックス論,2018_DE00031001.html
専門教育科目,リスクマネジメント論,2018_DE00033001.html
専門教育科目,証券市場論,2018_DE00035001.html
専門教育科目,経営情報論,2018_DE00037001.html
専門教育科目,経営情報論,2018_DE00037002.html
専門教育科目,経営情報論,2018_DE00037003.html
専門教育科目,国際マーケティング論,2018_DE00038001.html
専門教育科目,国際マーケティング論,2018_DE00038002.html
専門教育科目,広告コミュニケーション論,2018_DE00039001.html
専門教育科目,マルチメディア論,2018_DE00041001.html
専門教育科目,人工知能論,2018_DE00042001.html
専門教育科目,電子商取引論,2018_DE00043001.html
専門教育科目,電子商取引論,2018_DE00043002.html
専門教育科目,金融工学,2018_DE00044001.html
専門教育科目,産業経営特殊講義Ⅰ(企業役員・社長の語る現代事業戦略),2018_DF01004001.html
専門教育科目,産業経営特殊講義Ⅰ（労働ストレスと組織行動）,2018_DF01007001.html
専門教育科目,産業経営特殊講義Ⅰ（労働ストレスと組織行動）,2018_DF01007002.html
専門教育科目,産業経営特殊講義Ⅰ（国際経営入門）,2018_DF01008001.html
専門教育科目,産業経営特殊講義Ⅰ（国際経営入門）,2018_DF01008002.html
専門教育科目,産業経営特殊講義Ⅰ（経営学を学ぶための数学）,2018_DF01009001.html
専門教育科目,産業経営特殊講義Ⅰ（経営学を学ぶための数学）,2018_DF01009002.html
専門教育科目,産業経営特殊講義Ⅰ（租税法入門）,2018_DF01010001.html
専門教育科目,産業経営特殊講義Ⅰ（租税法入門）,2018_DF01010002.html
専門教育科目,産業経営特殊講義Ⅰ（租税と税務の基礎知識）,2018_DF01011001.html
専門教育科目,産業経営特殊講義Ⅰ（租税と税務の基礎知識）,2018_DF01011002.html
専門教育科目,産業経営特殊講義Ⅰ（起業論）,2018_DF01012001.html
専門教育科目,産業経営特殊講義Ⅰ（起業論）,2018_DF01012002.html
専門教育科目,金融公共分析手法入門Ⅰ,2018_DH00001001.html
専門教育科目,金融公共分析手法入門Ⅰ,2018_DH00001002.html
専門教育科目,金融公共分析手法入門Ⅰ,2018_DH00001003.html
専門教育科目,金融公共分析手法入門Ⅰ,2018_DH00001004.html
専門教育科目,金融公共分析手法入門Ⅰ,2018_DH00001005.html
専門教育科目,金融公共分析手法入門Ⅰ,2018_DH00001006.html
専門教育科目,金融公共分析手法入門Ⅱ,2018_DH00002001.html
専門教育科目,経済データ分析Ⅰ,2018_DH00003001.html
専門教育科目,経済データ分析Ⅰ,2018_DH00003002.html
専門教育科目,経済データ分析Ⅰ,2018_DH00003003.html
専門教育科目,経済データ分析Ⅱ,2018_DH00004001.html
専門教育科目,経済データ分析Ⅱ,2018_DH00004002.html
専門教育科目,経済データ分析Ⅱ,2018_DH00004003.html
専門教育科目,組織の経済学,2018_DH00005001.html
専門教育科目,組織の経済学,2018_DH00005002.html
専門教育科目,企業経済学Ⅰ,2018_DH00006001.html
専門教育科目,企業経済学Ⅱ,2018_DH00007001.html
専門教育科目,法と経済学,2018_DH00008001.html
専門教育科目,公共政策企画論,2018_DH00009001.html
専門教育科目,公共政策企画論,2018_DH00009002.html
専門教育科目,金融システム論Ⅰ,2018_DH00010002.html
専門教育科目,金融システム論Ⅱ,2018_DH00011002.html
専門教育科目,金融市場論Ⅰ,2018_DH00012001.html
専門教育科目,金融市場論Ⅱ,2018_DH00013001.html
専門教育科目,クレジットリスクマネジメントⅠ,2018_DH00014001.html
専門教育科目,クレジットリスクマネジメントⅡ,2018_DH00015001.html
専門教育科目,"Financial EconomicsⅠ",2018_DH00016001.html
専門教育科目,"Financial EconomicsⅡ",2018_DH00017001.html
専門教育科目,金融ビジネス論,2018_DH00018001.html
専門教育科目,財務会計論Ⅰ,2018_DH00019001.html
専門教育科目,財務会計論Ⅰ,2018_DH00019002.html
専門教育科目,財務会計論Ⅱ,2018_DH00020001.html
専門教育科目,企業金融論Ⅰ,2018_DH00021001.html
専門教育科目,企業金融論Ⅱ,2018_DH00022001.html
専門教育科目,ミクロ経済学Ⅰ,2018_DJ00001001.html
専門教育科目,ミクロ経済学Ⅰ,2018_DJ00001003.html
専門教育科目,ミクロ経済学Ⅰ,2018_DJ00001004.html
専門教育科目,ミクロ経済学Ⅰ,2018_DJ00001005.html
専門教育科目,ミクロ経済学Ⅰ,2018_DJ00001007.html
専門教育科目,ミクロ経済学Ⅰ,2018_DJ00001009.html
専門教育科目,ミクロ経済学Ⅰ,2018_DJ00001011.html
専門教育科目,ミクロ経済学Ⅰ,2018_DJ00001012.html
専門教育科目,ミクロ経済学Ⅰ,2018_DJ00001014.html
専門教育科目,ミクロ経済学Ⅰ,2018_DJ00001016.html
専門教育科目,ミクロ経済学Ⅰ,2018_DJ00001018.html
専門教育科目,ミクロ経済学Ⅰ,2018_DJ00001020.html
専門教育科目,ミクロ経済学Ⅰ,2018_DJ00001021.html
専門教育科目,ミクロ経済学Ⅰ,2018_DJ00001023.html
専門教育科目,ミクロ経済学Ⅰ,2018_DJ00001024.html
専門教育科目,ミクロ経済学Ⅰ,2018_DJ00001025.html
専門教育科目,ミクロ経済学Ⅰ,2018_DJ00001027.html
専門教育科目,ミクロ経済学Ⅰ,2018_DJ00001029.html
専門教育科目,ミクロ経済学Ⅰ,2018_DJ00001030.html
専門教育科目,ミクロ経済学Ⅰ,2018_DJ00001032.html
専門教育科目,ミクロ経済学Ⅰ,2018_DJ00001034.html
専門教育科目,マクロ経済学Ⅰ,2018_DJ00004001.html
専門教育科目,マクロ経済学Ⅰ,2018_DJ00004002.html
専門教育科目,マクロ経済学Ⅰ,2018_DJ00004005.html
専門教育科目,マクロ経済学Ⅰ,2018_DJ00004007.html
専門教育科目,マクロ経済学Ⅰ,2018_DJ00004009.html
専門教育科目,マクロ経済学Ⅰ,2018_DJ00004010.html
専門教育科目,マクロ経済学Ⅰ,2018_DJ00004012.html
専門教育科目,マクロ経済学Ⅰ,2018_DJ00004014.html
専門教育科目,マクロ経済学Ⅰ,2018_DJ00004016.html
専門教育科目,マクロ経済学Ⅰ,2018_DJ00004018.html
専門教育科目,マクロ経済学Ⅰ,2018_DJ00004020.html
専門教育科目,マクロ経済学Ⅰ,2018_DJ00004021.html
専門教育科目,マクロ経済学Ⅰ,2018_DJ00004022.html
専門教育科目,マクロ経済学Ⅰ,2018_DJ00004025.html
専門教育科目,マクロ経済学Ⅰ,2018_DJ00004027.html
専門教育科目,マクロ経済学Ⅰ,2018_DJ00004029.html
専門教育科目,民法,2018_DJ00006001.html
専門教育科目,民法,2018_DJ00006002.html
専門教育科目,会社法,2018_DJ00007001.html
専門教育科目,会社法,2018_DJ00007002.html
専門教育科目,商法（総則等）,2018_DJ00009001.html
専門教育科目,労働法,2018_DJ00011001.html
専門教育科目,労働法,2018_DJ00011002.html
専門教育科目,租税法,2018_DJ00013001.html
専門教育科目,租税法,2018_DJ00013002.html
専門教育科目,租税法,2018_DJ00013003.html
専門教育科目,情報技術論,2018_DJ00014001.html
専門教育科目,情報技術論,2018_DJ00014002.html
専門教育科目,情報技術論,2018_DJ00014003.html
専門教育科目,情報技術論,2018_DJ00014004.html
専門教育科目,情報技術論,2018_DJ00014005.html
専門教育科目,情報技術論,2018_DJ00014006.html
専門教育科目,情報技術論,2018_DJ00014007.html
専門教育科目,情報技術論,2018_DJ00014008.html
専門教育科目,データ管理論,2018_DJ00015001.html
専門教育科目,データ管理論,2018_DJ00015002.html
専門教育科目,データ管理論,2018_DJ00015003.html
専門教育科目,データ管理論,2018_DJ00015004.html
専門教育科目,データ管理論,2018_DJ00015005.html
専門教育科目,データ管理論,2018_DJ00015006.html
専門教育科目,データ管理論,2018_DJ00015007.html
専門教育科目,データ管理論,2018_DJ00015008.html
専門教育科目,データ管理論,2018_DJ00015009.html
専門教育科目,データ管理論,2018_DJ00015010.html
専門教育科目,データ管理論,2018_DJ00015011.html
専門教育科目,データ管理論,2018_DJ00015012.html
専門教育科目,データ処理論,2018_DJ00017001.html
専門教育科目,データ処理論,2018_DJ00017002.html
専門教育科目,データ処理論,2018_DJ00017003.html
専門教育科目,データ処理論,2018_DJ00017004.html
専門教育科目,データ処理論,2018_DJ00017005.html
専門教育科目,データ処理論,2018_DJ00017006.html
専門教育科目,データ処理論,2018_DJ00017007.html
専門教育科目,データ処理論,2018_DJ00017008.html
専門教育科目,データ処理論,2018_DJ00017009.html
専門教育科目,データ処理論,2018_DJ00017010.html
専門教育科目,データ処理論,2018_DJ00017011.html
専門教育科目,データ処理論,2018_DJ00017012.html
専門教育科目,データ処理論,2018_DJ00017013.html
専門教育科目,データ処理論,2018_DJ00017014.html
専門教育科目,データ処理論,2018_DJ00017015.html
専門教育科目,データ処理論,2018_DJ00017016.html
専門教育科目,データ処理論,2018_DJ00017017.html
専門教育科目,データ処理論,2018_DJ00017018.html
専門教育科目,データ処理論,2018_DJ00017019.html
専門教育科目,データ処理論,2018_DJ00017020.html
専門教育科目,システム管理論,2018_DJ00018001.html
専門教育科目,プログラミング論,2018_DJ00019001.html
専門教育科目,プログラミング論,2018_DJ00019002.html
専門教育科目,プログラミング論,2018_DJ00019003.html
専門教育科目,プログラミング論,2018_DJ00019004.html
専門教育科目,統計解析,2018_DJ00020001.html
専門教育科目,数理解析,2018_DJ00021001.html
専門教育科目,国際経済論,2018_DJ00022001.html
専門教育科目,国際経済論,2018_DJ00022002.html
専門教育科目,国際貿易論,2018_DJ00023001.html
専門教育科目,金融論,2018_DJ00024001.html
専門教育科目,金融論,2018_DJ00024002.html
専門教育科目,金融論,2018_DJ00024003.html
専門教育科目,金融論,2018_DJ00024004.html
専門教育科目,地方財政論,2018_DJ00025001.html
専門教育科目,地方財政論,2018_DJ00025002.html
専門教育科目,総合講座（まちづくり（コミュニティ）デザイン）,2018_DK00005001.html
専門教育科目,総合講座（アジアの経済と社会）,2018_DK00007001.html
専門教育科目,総合講座（ヨーロッパの経済と社会）,2018_DK00008001.html
専門教育科目,外国書研究,2018_DS00002001.html
専門教育科目,外国書研究,2018_DS00002002.html
教職課程科目,現代教職論,2018_K000001001.html
教職課程科目,現代教職論,2018_K000001002.html
教職課程科目,現代教職論,2018_K000001003.html
教職課程科目,発達と学習,2018_K000004001.html
教職課程科目,発達と学習,2018_K000004002.html
教職課程科目,教育制度論,2018_K000005001.html
教職課程科目,教育制度論,2018_K000005002.html
教職課程科目,教育の社会学,2018_K000006001.html
教職課程科目,教育の社会学,2018_K000006002.html
教職課程科目,教育の方法・技術論,2018_K000007001.html
教職課程科目,生徒指導・進路指導論,2018_K000010001.html
教職課程科目,生徒指導・進路指導論,2018_K000010002.html
教職課程科目,社会科・公民科教育法Ⅰ,2018_K000013001.html
教職課程科目,社会科・公民科教育法Ⅱ,2018_K000014001.html
教職課程科目,社会科・地理歴史科教育法Ⅰ,2018_K000015001.html
教職課程科目,社会科・地理歴史科教育法Ⅱ,2018_K000016001.html
教職課程科目,商業科教育法Ⅰ,2018_K000017001.html
教職課程科目,商業科教育法Ⅱ,2018_K000018001.html
教職課程科目,日本史概説,2018_K000025001.html
教職課程科目,外国史概説,2018_K000026001.html
教職課程科目,地誌学,2018_K000027001.html
教職課程科目,地誌学,2018_K000027002.html
教職課程科目,法律学概論,2018_K000028001.html
教職課程科目,国際政治論,2018_K000029001.html
教職課程科目,哲学概論,2018_K000030001.html
教職課程科目,倫理学概論,2018_K000031001.html
教職課程科目,人文地理学概論,2018_K000032001.html
教職課程科目,人文地理学概論,2018_K000032002.html
教職課程科目,自然地理学概論,2018_K000034001.html
教職課程科目,職業指導,2018_K000035001.html
教職課程科目,情報処理実習,2018_K000036001.html
教職課程科目,情報処理実習,2018_K000036002.html
教職課程科目,情報処理実習,2018_K000036003.html
教職課程科目,情報処理実習,2018_K000036004.html
教職課程科目,教職実践演習,2018_K000043001.html
教職課程科目,教職実践演習,2018_K000043002.html
教職課程科目,教育原論,2018_K000044001.html
教職課程科目,教育原論,2018_K000044002.html
教職課程科目,教育原論,2018_K000044003.html
教職課程科目,道徳教育の理論と方法,2018_K000045001.html
教職課程科目,道徳教育の理論と方法,2018_K000045002.html
教職課程科目,特別活動論,2018_K000046001.html
教職課程科目,教育相談,2018_K000047001.html
教職課程科目,教育実習事前・事後指導,2018_K000048001.html
教職課程科目,教育実習事前・事後指導,2018_K000048002.html
教職課程科目,教育実習事前・事後指導,2018_K000048003.html
教職課程科目,教育実習事前・事後指導,2018_K000048004.html
教職課程科目,教育実習事前・事後指導,2018_K000048005.html
教職課程科目,教育実習事前・事後指導,2018_K000048006.html
